,<b>Berinert</b> (C1-INH [human])<sup>1</sup>,<b>Kalbitor</b> (ecallantide)<sup>2</sup>,<b>Firazyr</b> (icatibant)<sup>3</sup>,<b>Ruconest</b> (C1-INH [recombinant])<sup>4</sup>,<b>Ekterly</b> (sebetralstat)<sup>5</sup>,<b>Generic</b> (danazol)<sup>7</sup>,<b>Cinryze</b> (C1-INH [human] IV)<sup>8</sup>,<b>Haegarda</b> (C1-INH [human] SC)<sup>9</sup>,<b>Takhzyro</b> (lanadelumab-flyo)<sup>10</sup>,<b>Orladeyo</b> (berotralstat)<sup>11</sup>,<b>Andembry</b> (garadacimab-gxii)<sup>12</sup>,<b>Dawnzera</b><sup>TM</sup> (donidalorsen)<sup>13</sup>
,,,,,,,,,,,,
Initial FDA Approval Year(s),2009,2009,<i>Firazyr<sup>®</sup>:</i> 2011<br/><br/><i>Generic icatibant products:</i> 2019-2024<sup>6</sup>,2014,2025,"<i>Discontinued branded product (Danocrine):</i>
1976<sup>6</sup><br/><br/><i>Generic danazol products:</i> 1996-2007<sup>6</sup>",2008,2017,2018,2020,2025,2025
Product Manufacturer(s),"CSL Behring, LLC","Takeda Pharmaceuticals USA, Inc","<i>Firazyr<sup>®</sup>:</i> Takeda Pharmaceuticals America, Inc<br/><br/><i>Generic icatibant products:</i> Fresenius Kabi USA; Teva
Pharmaceuticals USA; Jiangsu Hansoh Pharmaceuticals; Wilshire
Pharmaceuticals, Inc; Nang Kuang Pharmaceuticals Co; Cipla; Eugia
Pharmaceuticals; Alembic<sup>6</sup>","Pharming Healthcare, Inc","KalVista Pharmaceuticals, Inc","<i>Generic danazol products:</i><br/><br/>Teva Pharmaceuticals; Lannett
Company, Inc<sup>6</sup>","Takeda Pharmaceuticals USA, Inc",CSL Behring LLC,"Takeda Pharmaceuticals USA, Inc","BioCryst Pharmaceuticals, Inc",CSL Behring LLC,"Ionis Pharmaceuticals, Inc"
Indications and Usage,"Treatment of acute abdominal, facial, or laryngeal HAE attacks in adult and pediatric patients<br/><br/>The safety and efficacy of Berinert for prophylactic therapy have not
been established",Treatment of acute attacks of HAE in patients ≥12 years of age,Treatment of acute attacks of HAE in adults ≥18 years of age,"Treatment of acute attacks in adult and adolescent patients with
HAE<br/><br/><b>Limitations of Use:</b><br/>Effectiveness was not established in patients with HAE with laryngeal
attacks","Treatment of acute attacks of HAE in adult and pediatric patients
≥12 years of age","Prevention of attacks of angioedema of all types (cutaneous,
abdominal, laryngeal) in male and female individuals","Routine prophylaxis against angioedema attacks in adults,<br/><br/>adolescents, and pediatric patients ≥6 years of age with HAE","Routine prophylaxis to prevent HAE attacks in patients ≥6 years of
age","Prophylaxis to prevent HAE attacks in adult and pediatric patients
≥2 years of age","Prophylaxis to prevent HAE attacks in adults and pediatric patients ≥2 years of age<br/><br/><b>Limitations of Use:</b>
<ul><li>Should not be used to treat acute HAE attacks</li>
<li>Additional doses or doses higher than the prescribed
once-daily dose are not recommended due to potential for QT
prolongation</li></ul>","Prophylaxis to prevent HAE attacks in adult and pediatric patients
≥12 years of age","Prophylaxis to prevent HAE attacks in adult and pediatric patients
≥12 years of age"
Dosage and Administration,"<ul><li>Recommended dose is 20 IU per kg patient’s body weight,
administered by slow IV injection at a rate of ~4 mL/min</li>
<li>Doses &lt;20 IU/kg should not be administered</li>
<li>Appropriately trained patients may self-administer upon
recognition of symptoms of an HAE attack</li></ul>","<ul><li>Recommended dose is 30 mg (3 mL) administered SC in three 10 mg
(1 mL) injections</li>
<li>If attack persists, an additional dose of 30 mg may be
administered within a 24-hour period</li>
<li>Kalbitor should only be administered by an HCP with appropriate
medical support to manage anaphylaxis and HAE</li></ul>","<ul><li>Recommended dose is 30 mg administered by SC injection in the
abdominal area</li>
<li>If response is inadequate or symptoms recur, additional doses can
be administered at intervals of ≥6 hours</li>
<li>Maximum of 3 doses in any 24-hour period</li>
<li>Appropriately trained patients may self-administer upon
recognition of symptoms of an HAE attack</li></ul>","<ul><li>Recommended dose is 50 U per kg, with a maximum of 4200 U,
administered by slow IV injection over ~5 minutes</li>
<li>If attack symptoms persist, a second dose can be administered at
the recommended dose level (not to exceed 4200 U per dose)</li>
<li>Maximum of 2 doses in any 24-hour period</li>
<li>Appropriately trained patients may self-administer upon
recognition of symptoms of an HAE attack</li></ul>","<ul><li>Recommended dose is 600 mg (2 tablets) administered orally at the
earliest recognition of an acute HAE attack</li>
<li>If response is inadequate or symptoms worsen or recur, a second
dose can be taken at least 3 hours after the first dose</li>
<li>Maximum of 1200 mg (4 tablets) in any 24-hour period</li></ul>","<ul><li>Dosage individualized based on patient clinical response</li>
<li>Recommended initial dose is 200 mg orally 2-3 times a
day</li>
<li>After a favorable initial response, proper continuing dose should
be determined by decreasing dosage by ≤50% at intervals of 1-3 months or
longer if frequency of attacks prior to treatment dictates</li>
<li>If an attack occurs, daily dosage may be increased up to 200
mg</li></ul>","For IV use only<br/><br/>Patients ≥12 years of age:
<ul><li>Initial dose of 1000 IU every 3 or 4 days</li>
<li>If not responding adequately, doses up to 2000 IU (not exceeding
80 IU/kg) every 3 or 4 days may be considered</li>
<li>Infusion rate of 1 mL/min over 10 minutes</li></ul><br/>Patients 6-11 years of age:
<ul><li>Initial dose of 500 IU every 3 or 4 days</li>
<li>Dose may be adjusted to response, up to 1000 IU every 3 or 4
days</li>
<li>Infusion rate of 1 mL/min over 5 minutes</li></ul><br/>Appropriately trained patients may self-administer Cinryze","<ul><li>Recommended dose is 60 IU per kg body weight by SC injection
every 3 or 4 days</li>
<li>Appropriately trained patients may self-administer
Haegarda</li></ul>","Patients ≥12 years of age:
<ul><li>300 mg by SC injection Q2W by patient or caregiver</li>
<li>Dosing Q4W may be considered in some patients</li></ul><br/>Patients 6 to &lt;12 years of age:
<ul><li>150 mg by SC injection Q2W by HCP or caregiver</li>
<li>Dosing Q4W may be considered in some patients</li></ul><br/>Patients 2 to &lt;6 years of age: 150 mg by SC injection Q4W by HCP
or caregiver","Orladeyo capsules are recommended for patients ≥12 years of age:
150 mg orally once daily, with food<br/><br/>Orladeyo oral pellets are recommended for patients 2 to &lt;12 years
of age, with recommended oral dosage with food based on body weight:
<ul><li>12 kg to &lt;24 kg:<br/>72 mg once daily</li>
<li>24 kg to &lt;32 kg:<br/>96 mg once daily</li>
<li>32 kg to &lt;40 kg:<br/>108 mg once daily</li>
<li>≥40 kg:<br/>132 mg once daily</li></ul><br/>Dosage modification may be considered in patients with persistent GI
adverse reactions
<ul><li>For patients ≥12 years of age, consider capsule dosage of 110 mg
once daily, with food</li>
<li>For patients 2 to &lt;12 years of age, consider risks and
benefits of continuing treatment</li></ul>","<ul><li>Recommended initial loading dose is 400 mg (two 200 mg
injections) by SC injection the first day of treatment, followed by
maintenance dosage of 200 mg SC once monthly</li>
<li>Appropriately trained patients may self-administer
Andembry</li></ul>","<ul><li>Recommended dose is 80 mg by SC injection Q4W</li>
<li>Dosage of 80 mg Q8W may be considered</li></ul>"
Dosage Forms and Strengths,"500 IU C1-INH as lyophilized concentrate in single-dose vial for
reconstitution with 10 mL Sterile Water for Injection, USP",10 mg/mL solution in single-dose vial,30 mg in prefilled syringe,"2100 U rhC1-INH as lyophilized powder for reconstitution in
single-use 25-mL vial",300 mg tablet,"50 mg, 100 mg, or 200 mg capsules<br/><br/><sup>6</sup>","500 IU lyophilized powder in single-dose vial, for reconstitution
with 5 mL Sterile Water for Injection, USP","2000 IU or 3000 IU lyophilized powder in single-dose vial, for
reconstitution with 4 mL (2000 IU) or 5.6 mL (3000 IU) Sterile Water for
Injection, USP","<ul><li>150 mg/1 mL or 300 mg/2 mL solution in single-dose prefilled
syringe</li>
<li>300 mg/2 mL solution in single-dose vial</li></ul>","<ul><li>110 mg or 150 mg capsules</li>
<li>72 mg, 96 mg, 108 mg, or 132 mg oral pellets</li></ul>","200 mg/1.2 mL solution in single-dose prefilled autoinjector or
prefilled syringe with needle safety device",80 mg/0.8 mL solution in single-dose autoinjector
Contraindications,"History of life-threatening hypersensitivity reactions, including
anaphylaxis, to C1-INH preparations",Known clinical hypersensitivity to Kalbitor,None,"<ul><li>Known or suspected allergy to rabbits or rabbit-derived
products</li>
<li>History of life-threatening immediate hypersensitivity reactions,
including anaphylaxis, to C1-INH preparations</li></ul>",None,"<ul><li>Undiagnosed abnormal genital bleeding</li>
<li>Markedly impaired hepatic, renal, or cardiac function</li>
<li>Pregnancy</li>
<li>Breastfeeding</li>
<li>Porphyria</li>
<li>Androgen-dependent tumor</li>
<li>History of or active thrombosis or thromboembolic
disease</li>
<li>Hypersensitivity to danazol</li></ul>","History of life-threatening immediate hypersensitivity reactions,
including anaphylaxis, to the product","History of life-threatening hypersensitivity reactions, including
anaphylaxis, to C1-INH products or excipients",None,None,None,"History of serious hypersensitivity reactions, including
anaphylaxis, to Dawnzera active ingredient or excipients"
Black Box Warning,None,"<b>WARNING: ANAPHYLAXIS</b>
<ul><li>Anaphylaxis has been reported after administration of
Kalbitor</li>
<li>Because of this risk, Kalbitor should only be administered by an
HCP with appropriate medical support to manage anaphylaxis and
HAE</li>
<li>HCPs should be aware of the similarity of symptoms between
hypersensitivity reactions and HAE and patients should be monitored
closely</li>
<li>Kalbitor is contraindicated in patients with known
hypersensitivity to the product</li></ul>",None,None,None,"<b>WARNING:</b><br/><br/><b>PREGNANCY</b>
<ul><li>Use in pregnancy is contraindicated</li>
<li>Sensitive pregnancy test is recommended prior to starting
therapy</li>
<li>Nonhormonal contraception method should be used during
therapy</li>
<li>If patient becomes pregnant, danazol should be discontinued and
the patient apprised of potential risk to the fetus</li></ul><br/><b>THROMBOEMBOLIC EVENTS</b>
<ul><li>Thromboembolism, thrombotic and thrombophlebitic events including
sagittal sinus thrombosis and life-threatening or fatal strokes have
been reported</li></ul><br/><b>HEPATIC DYSFUNCTION</b>
<ul><li>Peliosis hepatis and benign hepatic adenoma have been observed
with long-term use</li>
<li>Peliosis hepatis and hepatic adenoma may be silent until
complicated by potentially life-threatening intraabdominal
hemorrhage</li>
<li>Attempts should be made to determine the lowest dose that will
provide adequate protection</li>
<li>If treatment was initiated at a time of exacerbation of
hereditary angioneurotic edema due to trauma, stress or other cause,
periodic attempts to decrease or withdraw therapy should be
considered</li></ul><br/><b>INCREASED INTRACRANIAL PRESSURE</b>
<ul><li>Danazol is associated with benign intracranial
hypertension</li>
<li>Patients with signs and symptoms of this condition should be
screened for papilledema and, if present, advised to discontinue danazol
immediately and referred to a neurologist for further diagnosis and
care</li></ul>",None,None,None,None,None,None
Warnings and Precautions,"<b>Hypersensitivity</b>
<ul><li>Severe hypersensitivity reactions may occur</li>
<li>Epinephrine should be immediately available to treat severe
hypersensitivity reactions following discontinuation of
administration</li></ul><br/><b>Thromboembolic Events</b>
<ul><li>Serious arterial and venous TEEs have occurred after
administration of recommended dose of plasma-derived C1-INH in patients
with HAE</li>
<li>TEEs have also been reported following administration of C1-INH
when used for unapproved indications at higher than recommended
doses</li>
<li>Benefits of treatment should be weighed against risks of TEEs in
patients with known risk factors</li>
<li>Patients with known risk factors for TEEs should be monitored
during and after Berinert administration</li></ul><br/><b>Transmissible Infectious Agents</b>
<ul><li>Because Berinert is made from human blood, it may carry a risk of
transmitting infectious agents (eg, viruses, the vCJD agent, and,
theoretically, the CJD agent)</li></ul><br/><b>Laryngeal HAE Attacks</b>
<ul><li>Patients should be advised to seek immediate medical attention in
an appropriate healthcare facility following self-administration for
treatment of laryngeal HAE attacks</li></ul>","<b>Hypersensitivity</b> <b>Reactions, Including
Anaphylaxis</b>
<ul><li>Potentially serious hypersensitivity reactions, including
anaphylaxis, have occurred in patients treated with Kalbitor</li>
<li>In 255 patients with HAE treated with Kalbitor in clinical
trials, 4% experienced anaphylaxis</li>
<li>Kalbitor should be administered in a setting equipped to manage
anaphylaxis and HAE</li>
<li>Given the similarity in hypersensitivity symptoms and HAE
symptoms, patients should be monitored closely for hypersensitivity
reactions</li>
<li>Kalbitor is contraindicated in patients with known clinical
hypersensitivity to the product</li></ul>","<b>Laryngeal Attacks</b>
<ul><li>Patients should be advised to seek immediate medical attention in
an appropriate healthcare facility following treatment of laryngeal
attacks with Firazyr</li></ul>","<b>Hypersensitivity</b>
<ul><li>Severe hypersensitivity reactions, including anaphylaxis, may
occur</li>
<li>Should symptoms occur, Ruconest should be discontinued and
appropriate treatment administered</li>
<li>Because hypersensitivity reactions may have symptoms similar to
HAE attacks, treatment methods should be carefully considered</li></ul><br/><b>Thromboembolic Events</b>
<ul><li>Serious arterial and venous TEEs have occurred after
administration of recommended dose of plasma-derived C1-INH in patients
with risk factors</li>
<li>Patients with known risk factors for TEEs should be monitored
during and after Ruconest administration</li></ul>",None,"<ul><li>A temporary decrease in HDL and possibly increased LDL has been
reported during danazol therapy; these alterations may be marked, and
HCPs should consider the potential impact on the risk of atherosclerosis
and coronary artery disease in accordance with the potential benefit of
therapy to the patient</li>
<li>Patients should be watched closely for signs of androgenic
effects, some of which may not be reversible despite drug
discontinuation</li>
<li>Because danazol may cause fluid retention, conditions that might
be influenced by this factor require careful observation; should be used
with caution in patients with diabetes mellitus</li>
<li>Periodic liver function tests should be performed because hepatic
dysfunction manifested by increases in serum transaminase levels has
been reported with danazol</li>
<li>Danazol has been reported to cause exacerbation of the
manifestations of acute intermittent porphyria</li>
<li>Laboratory monitoring of the hematologic state should be
considered</li></ul>","<b>Hypersensitivity Reactions</b>
<ul><li>Severe hypersensitivity reactions may occur</li>
<li>Epinephrine should be immediately available for treatment of
severe hypersensitivity reaction</li></ul><br/><b>Thromboembolic Events</b>
<ul><li>Serious arterial and venous TEEs have occurred after
administration of the recommended dose of C1-INH products, including
Cinryze, in patients with HAE</li>
<li>TEEs have also been reported following administration of C1-INH
product when used off-label at higher than labeled doses</li>
<li>Benefits of Cinryze should be weighed against risks of TEEs in
patients with known risk factors</li>
<li>Patients with known risk factors for TEEs should be monitored
during and after Cinryze administration</li></ul><br/><b>Transmissible Infectious Agents</b>
<ul><li>Because Cinryze is made from human plasma, it may carry a risk of
transmitting infectious agents (eg, viruses and, theoretically, CJD
agent)</li></ul>","<b>Hypersensitivity Reactions</b>
<ul><li>Severe hypersensitivity reactions may occur</li>
<li>If severe hypersensitivity occurs, Haegarda should be
discontinued and appropriate treatment instituted</li>
<li>Epinephrine should be immediately available to treat severe
hypersensitivity reactions</li></ul><br/><b>Thromboembolic Events</b>
<ul><li>At the recommended dose, a causal relationship between TEEs and
Haegarda has not been established</li>
<li>However, thrombosis has occurred with off-label use of high doses
of C1-INH IV for prevention or therapy of capillary leak syndrome
before, during, or after cardiac surgery</li></ul><br/><b>Transmissible Infectious Agents</b>
<ul><li>Because Haegarda is made from human blood, it may carry a risk of
transmitting infectious agents (eg, viruses, vCJD agent and,
theoretically, CJD agent)</li></ul>","<b>Hypersensitivity Reactions</b>
<ul><li>Hypersensitivity reactions have occurred</li>
<li>If severe hypersensitivity occurs, Takhzyro should be
discontinued and appropriate treatment instituted</li></ul>","<b>Risk of QTc Interval Prolongation with
Higher-Than-Recommended Dosages</b>
<ul><li>An increase in QTc interval occurred in adults at daily doses
&gt;150 mg and was concentration dependent</li>
<li>Additional doses of Orladeyo or doses higher than the recommended
dosage are not recommended</li></ul>",None,"<b>Hypersensitivity Reactions, Including
Anaphylaxis</b>
<ul><li>Hypersensitivity reactions including anaphylaxis have been
reported following use of Dawnzera</li>
<li>If serious hypersensitivity occurs, Dawnzera should be
discontinued and immediate medical attention instituted</li></ul>"
Adverse Reactions,"<ul><li>&gt;4% of patients and greater than placebo: dysgeusia</li>
<li>Most serious adverse reaction: increase in severity of pain
associated with HAE</li></ul>","<ul><li>≥3%: headache, nausea, diarrhea, pyrexia, injection site
reactions, nasopharyngitis</li></ul>","<ul><li>&gt;1%: pyrexia, transaminase increase, dizziness, rash</li>
<li>Most commonly reported adverse reaction: injection site reactions
(in 97% of all patients in clinical trials)</li></ul>","<ul><li>≥2%: headache, nausea, diarrhea</li>
<li>Serious adverse reaction reported in clinical trials was
anaphylactic reaction</li></ul>",<ul><li>≥2%: headache</li></ul>,"Common: weight gain, virilization, acne, altered libido, muscle
pains and cramps, headaches, depression, fatigue, nausea, constipation,
menstrual abnormalities,<br/><br/>increased liver enzymes, hypertension, alterations in lipid
profile<sup>14</sup>","≥5%: headache, nausea, rash, vomiting, fever","&gt;4%: injection site reactions, hypersensitivity, nasopharyngitis,
dizziness","≥10%: injection site reactions, URTI, headache, rash, dizziness,
diarrhea, myalgia","≥10%: abdominal pain, vomiting, diarrhea, back pain, GERD","≥7%: nasopharyngitis, abdominal pain","≥5%: injection site<br/><br/>reactions, URTI urinary tract infection,<br/><br/>abdominal discomfort"
Immunogenicity,"In a post-marketing study that monitored for antibodies to C1-INH
among 46 patients with HAE-C1INH-Type 1 or -Type 2 HAE at Day 1 (first
HAE attack requiring Berinert 20 IU/kg IV, baseline value), and at 3, 6,
and 9 months:
<ul><li>No patients developed inhibitory antibodies to C1-INH at any time
point</li>
<li>28.2% of patients had detectable levels of noninhibitory
antibodies at some point during the study, including 19.6% who had
detectable noninhibitory antibodies at baseline</li>
<li>The presence of noninhibitory anti-C1-INH antibodies did not
induce apparent immunologically associated clinical events</li></ul><br/>Because the incidence of antibody formation highly depends on the
sensitivity and specificity of the assay used and several other factors,
it may be misleading to compare the incidence of antibodies to Berinert
in the studies described above with the incidence of antibodies in other
studies or to other products","There is potential for immunogenicity with use of Kalbitor<br/><br/>In the Kalbitor HAE program:
<ul><li>Patients developed antibodies to Kalbitor</li>
<li>Rates of seroconversion increased with exposure to Kalbitor over
time</li>
<li>Overall, 20.2% of patients seroconverted to anti-ecallantide
antibodies</li>
<li>Neutralizing antibodies to ecallantide were determined in vitro
to be present in 8.8% of patients and were not associated with loss of
efficacy</li></ul><br/>Patients who seroconvert may be at a higher risk of hypersensitivity
reaction<br/><br/>The long-term effects of antibodies to Kalbitor are not known<br/><br/>Because the incidence of antibody formation highly depends on the
sensitivity and specificity of the assay used and several other factors,
it may be misleading to compare the incidence of antibodies to Kalbitor
with the incidence of antibodies to other products","Across repeated treatment in controlled trials:
<ul><li>4 patients tested positive for anti-icatibant antibodies, of whom
3 had subsequent tests that were negative</li>
<li>No hypersensitivity or anaphylactic reactions were reported with
Firazyr</li>
<li>No association between anti-icatibant antibodies and efficacy was
observed</li></ul>","There is potential for immunogenicity with use of Ruconest<br/><br/>When pre- and post-exposure samples from 205 HAE patients treated for
650 attacks with Ruconest were tested for antibodies against C1-INH or
rhC1-INH and for antibodies against HRIs, and testing was performed
prior to and after treatment of a first attack and subsequent repeated
attacks at 7, 22 or 28, and 90 days after Ruconest treatment:
<ul><li>Prior to Ruconest exposure, the frequency of anti-C1-INH
antibodies varied from 1.2% to 1.6% of samples</li>
<li>After first exposure, the frequency of anti-C1-INH antibodies
varied from 0.6% to 1.0% of samples</li>
<li>After repeated exposures, the frequency of anti-C1-INH antibodies
varied from 0.5 to 2.2% of samples</li>
<li>The frequency of anti-HRI antibodies was 1.0% in pre-exposure
samples, and after the first exposure varied from 3.5% to 4.6%</li>
<li>After repeated exposure, the frequency of anti-HRI antibodies
varied from 5.7% to 17% of samples</li>
<li>At least 10% of patients formed a specific antibody response to
Ruconest after 5 treated attacks</li>
<li>No anti-C1-INH neutralizing antibodies were detected</li>
<li>Observed anti-C1-INH and anti-HRI antibodies were not associated
with adverse clinical findings</li></ul><br/>Because the incidence of antibody formation highly depends on the
sensitivity and specificity of the assay used and several other factors,
comparison of the incidence of antibodies to Ruconest with the incidence
of antibodies to other products may be misleading","Immunogenicity information not specified in prescribing
information","Immunogenicity information not specified in prescribing
information","There is potential for immunogenicity with use of Cinryze<br/><br/>Because the incidence of antibody formation highly depends on the
sensitivity and specificity of the assay used and several other factors,
comparison of the incidence of antibody development across products
cannot be made","Immunogenicity information not specified in prescribing
information","Because the incidence of ADAs highly depends on the sensitivity,
specificity, and methodology of the assay used, meaningful comparisons
of ADA incidence in the studies described below with ADA incidence in
other studies, including those of lanadelumab-flyo or other lanadelumab
products, cannot be made<br/><br/>In Trial 1 with patients ≥12 years of age:
<ul><li>10 patients (12%) receiving lanadelumab-flyo and 2 patients (5%)
receiving placebo had ≥1 ADA-positive sample in the 26-week treatment
period</li>
<li>Antibody titers were low</li>
<li>ADA response was transient in 2 of 10 lanadelumab-flyo-treated
patients and 1 of 2 placebo-treated patients</li>
<li>Pre-existing low titer antibodies were observed in 3
lanadelumab-flyo-treated patients and 1 placebo-treated patient with
ADAs</li>
<li>2 patients receiving 150 mg Q4W had low titer antibodies
classified as neutralizing</li></ul><br/>In an open-label study of patients 2 to &lt;12 years of age:
<ul><li>3/20 (15%) of lanadelumab-treated patients who completed the
study developed ADAs during the 52-week treatment period (all were 6 to
&lt;12 years of age)</li>
<li>The ADA response was transient in all 3 patients</li>
<li>None had pre-existing antibodies</li>
<li>1 patient had neutralizing antibodies</li>
<li>ADA development, including neutralizing antibodies against
lanadelumab-flyo, did not appear to adversely affect PK, PD, safety, or
clinical response</li></ul>","Immunogenicity information not specified in prescribing
information","Because the incidence of ADAs highly depends on the sensitivity,
specificity, and methodology of the assay used, meaningful comparisons
of ADA incidence in the studies described below with ADA incidence in
other studies, including those of garadacimab-gxii or other garadacimab
products, cannot be made<br/><br/>In VANGUARD:
<ul><li>2.6% (1/39) of garadacimab-gxii-treated patients tested positive
for ADAs during the 6-month treatment period</li>
<li>Development of ADAs against garadacimab-gxii did not affect PK,
safety, or clinical response</li></ul>","Because the incidence of ADAs highly depends on the sensitivity,
specificity, and methodology of the assay used, meaningful comparisons
of ADA incidence in the studies described below with ADA incidence in
other studies, including those of donidalorsen or other donidalorsen
products, cannot be made<br/><br/>In OASIS-HAE with patients ≥12 years of age receiving Dawnzera for up
to 24 weeks:
<ul><li>20% (9/45) of patients on 80 mg Q4W and 22% (5/23) on 80 mg Q8W
had treatment-emergent ADAs</li></ul><br/>In the OASIS-HAE OLE in which patients continued treatment with
Dawnzera 80 mg Q4W or Q8W for up to 3 years (median exposure: 227
days):
<ul><li>35% (22/63) of patients on 80 mg Q4W had treatment-emergent ADAs,
including patients initially randomized to Dawnzera 80 mg Q4W in
OASIS-HAE (36%) and patients initially randomized to placebo in
OASIS-HAE (32%)</li>
<li>21% (3/14) of patients who received 80 mg Q8W in both OASIS-HAE
and OLE had treatment-emergent ADAs</li></ul><br/>In general, ADA development was not found to affect PD, safety, or
efficacy of Dawnzera<br/><br/>An increase in donidalorsen plasma Ctrough was observed in
ADA-positive patients with high titers<br/><br/>Because of small sample size, the effect of ADA on PK, PD, safety,
and effectiveness of Dawnzera is inconclusive"
Drug Interactions,Drug interactions not specified in prescribing information,"No formal drug interactions studies or in vitro metabolism studies
were performed","<b>ACE Inhibitors</b>
<ul><li>Firazyr has the potential to have a PD interaction with ACE
inhibitors, where Firazyr may attenuate their antihypertensive
effect</li>
<li>Clinical trials have excluded patients taking ACE
inhibitors</li></ul>",Drug interactions not specified in prescribing information,"<b>Effect of Other Drugs on Ekterly</b><br/><i>Strong and Moderate CYP3A4 Inhibitors:</i>
<ul><li>Avoid use with strong CYP3A4 inhibitors</li>
<li>Patients taking moderate CYP3A4 inhibitors should take one
Ekterly 300 mg dose; a second 300 mg dose may be taken at least 3 hours
after the first dose if response is inadequate or if symptoms worsen or
recur</li></ul><br/><i>CYP3A4 Inducers:</i>
<ul><li>Avoid use with moderate or strong CYP3A4 inducers</li></ul>","<ul><li>Prolongation of prothrombin time occurs in patients stabilized on
warfarin</li>
<li>Danazol may increase carbamazepine levels in patients taking both
drugs</li>
<li>Danazol can cause insulin resistance; caution should be exercised
when used with antidiabetic drugs</li>
<li>Danazol may raise plasma levels of cyclosporin and tacrolimus,
leading to increased renal toxicity of these drugs; monitoring of
concentrations of these drugs and appropriate dose adjustments may be
needed when used with danazol</li>
<li>Danazol can increase the calcemic response to synthetic vitamin D
analogues in primary hypoparathyroidism</li>
<li>The risk of myopathy and rhabdomyolysis is increased by the use
of danazol with statins; caution should be exercised if used
concomitantly; consult the statin product labeling for specific
information on dose restrictions in the presence of danazol</li></ul>",Drug interactions not specified in prescribing information,No drug interaction studies have been conducted,"No drug interaction studies have been conducted<br/><br/><b>Drug-Laboratory Test Interactions</b><br/><br/><i>Coagulation tests:</i><br/><br/>Takhzyro can increase aPTT due to an interaction of Takhzyro with the
aPTT assay<br/><br/>In Trial 1:
<ul><li>aPTT prolongation (&gt;1 x ULN) was observed at ≥1 time points in
3, 9, and 11 patients treated with Takhzyro 150 mg Q4W, 300 mg Q4W, and
300 mg Q2W, respectively, compared to 5 placebo-treated
patients</li>
<li>1 patient receiving 300 mg Q2W had transient aPTT prolongation
≥1.5 x ULN, which was confounded by heparin therapy</li>
<li>No aPTT increases in Takhzyro-treated patients were associated
with abnormal bleeding adverse events</li></ul>","<b>Effect of Other Drugs on Orladeyo</b><br/><br/><i>P-glycoprotein Inducers:</i>
<ul><li>Avoid use with Orladeyo</li></ul><br/><b>Effect of Orladeyo on Other Drugs</b><br/><br/><i>CYP2D6, CYP3A4 or P-glycoprotein Substrates:</i>
<ul><li>When used concomitantly with Orladeyo, closely monitor or modify
the dosage of the substrates where minimal increases in concentration
may lead to serious adverse reactions</li></ul>","<b>Drug Interference with Laboratory Test</b>
<ul><li>Andembry can prolong aPTT due to an interaction of
garadacimab-gxii with the aPTT assay</li></ul>","No clinical drug interaction studies have been conducted<br/><br/>In vitro studies show:
<ul><li>Donidalorsen is not a substrate or inhibitor of transporters,
does not interact with highly plasma protein-bound drugs, and is not an
inhibitor/inducer of CYP enzymes</li>
<li>Linker-related metabolite M8 is not an inhibitor or inducer of
CYP enzymes; M8 is a substrate of transporters bile salt export pump
(BSEP) and organic anion transporting polypeptide 1B3 (OATP1B3), and is
an inhibitor of multidrug and toxin extrusion protein 1 (MATE1)
transporter</li></ul>"
Pregnancy/Lactation,"In a retrospective case collection study of 20 pregnant women who
received Berinert with repeated doses up to 3500 IU per HAE attack,
there were no reported complications during delivery and no harmful
effects on 34 neonates<br/><br/>Should be used only if clearly needed in pregnancy<br/><br/>Unknown whether Berinert is excreted in human milk. However, because
many drugs are excreted in human milk, caution should be exercised when
Berinert is administered to a nursing woman","Available data on use in pregnant women from the
pharmacovigilance database have not identified a Kalbitor-associated
risk of major birth defects, miscarriage, or adverse maternal or fetal
outcomes<br/><br/>No data available on the presence of ecallantide in human milk,
effects on breastfed infants, or effects on milk production<br/><br/>Developmental and health benefits of breastfeeding<br/><br/>should be considered along with mother's need for Kalbitor and any
potential adverse effects on breastfed child from Kalbitor or the
underlying maternal condition","Available data on use in pregnant women from published literature
and the pharmacovigilance database have not identified a
Firazyr-associated risk of major birth defects, miscarriage, or adverse
maternal or fetal outcomes<br/><br/>No data available on the presence of icatibant in human milk, effects
on breastfed infants, or effects on milk production<br/><br/>Developmental and health benefits of breastfeeding<br/><br/>should be considered along with mother's need for Firazyr and any
potential adverse effects on breastfed child from Firazyr or the
underlying maternal condition","No adequate and well-controlled studies of Ruconest in pregnant
women<br/><br/>Limited postmarketing data and a retrospective case collection study
with Ruconest use in pregnant women did not indicate any adverse effects
in this population<br/><br/>No data available on the presence of Ruconest in human milk, effects
on breastfed infants, or effects on milk production<br/><br/>Developmental and health benefits of breastfeeding<br/><br/>should be considered along with mother's need for Ruconest and any
potential adverse effects on breastfed child from Ruconest or the
underlying maternal condition","No data available on use in pregnant women<br/><br/>No data available on the presence of sebetralstat or its metabolites
in human milk, effects on breastfed infants, or effects on milk
production<br/><br/>Developmental and health benefits of breastfeeding<br/><br/>should be considered along with mother's need for Ekterly and any
potential adverse effects on breastfed child from Ekterly or the
underlying maternal condition",Contraindicated in pregnancy<br/><br/>Contraindicated in breastfeeding mothers,"No data available on use in pregnant women<br/><br/>Should be used only if clearly needed in pregnancy<br/><br/>No data available on the presence of Cinryze in human milk, effects
on breastfed infants, or effects on milk production<br/><br/>Developmental and health benefits of breastfeeding should be
considered along<br/><br/>with mother’s need for Cinryze and any potential adverse effects on
breastfed child from Cinryze or the underlying maternal
condition","No prospective clinical data available on use in pregnant
women<br/><br/>Data from a retrospective case collection study, an observational
registry, and a randomized, open-label study with Haegarda in pregnant
women did not indicate any adverse events in this population or
delivered babies<br/><br/>No data available on the presence of Haegarda in human milk, effects
on breastfeeding infants, or effects on milk production<br/><br/>Developmental and health benefits of breastfeeding should be
considered along<br/><br/>with mother’s need for Haegarda and any potential adverse effects on
breastfed child from Haegarda or the underlying maternal
condition","No data available on use in pregnant women<br/><br/>Monoclonal antibodies such as lanadelumab-flyo are transported across
the placenta during the third trimester of pregnancy; thus, potential
effects on a fetus are likely to be greater during the third
trimester<br/><br/>No data available on the presence of lanadelumab-flyo in human milk,
effects on breastfeeding infants, or effects on milk production<br/><br/>Developmental and health benefits of breastfeeding should be
considered along with mother’s need for Takhzyro and any potential
adverse effects on breastfed infant from Takhzyro or the underlying
maternal condition","Insufficient data on use in pregnant women to inform drug-related
risks in pregnancy<br/><br/>No data available on the presence of berotralstat in human milk,
effects on breastfed infants, or effects on milk production<br/><br/>Developmental and health benefits of breastfeeding should be
considered along with mother’s need for Orladeyo and any potential
adverse effects on breastfed infant from Orladeyo or the underlying
maternal condition","No data available on use in pregnant women<br/><br/>Monoclonal antibodies such as garadacimab-gxii are transported across
the placenta during the third trimester of pregnancy; thus, potential
effects on a fetus are likely to be greater during the third
trimester<br/><br/>No data available on the presence of garadacimab-gxii or its
metabolite in human or animal milk, effects on breastfed infants, or
effects on milk production<br/><br/>Developmental and health benefits of breastfeeding should be
considered along<br/><br/>with mother’s need for Andembry and any potential adverse effects on
breastfed child from Andembry or the underlying maternal
condition","No data available on use in pregnant women<br/><br/>No data available on the presence of donidalorsen in human milk,
effects on breastfeeding infants, or effects on milk production<br/><br/>Developmental and health benefits of breastfeeding should be
considered along with mother’s need for Dawnzera and any potential
adverse effects on breastfed infant from Dawnzera or the underlying
maternal condition"
Pediatric Use,"Safety and efficacy evaluated in 12 pediatric patients 10-16
years of age in placebo-controlled and OLE studies; and in 18 pediatric
patients 5-11 years of age in a Registry Study in the US and Europe<br/><br/>Safety profile in the pediatric population was similar to that in
adults","Safety and effectiveness established in pediatric patients 12-17
years of age
<ul><li>Efficacy in patients 12-15 years of age extrapolated from
efficacy in patients ≥16 years of age, with support from population PK
analyses showing similar drug exposure levels in adults and
adolescents</li>
<li>Safety profile in patients 12-17 years of age was similar to that
in the overall clinical trial population</li></ul><br/>Safety and effectiveness in pediatric patients &lt;12 years of age
have not been established","Safety and effectiveness not established in pediatric patients
&lt;18 years of age","Safety and efficacy evaluated in 17 adolescent patients 13-17
years of age treated for 52 HAE attacks
<ul><li>47% experienced adverse reactions</li>
<li>No serious adverse reactions were reported</li>
<li>Most common reactions (in ≥2 patients) were abdominal pain,
headache, oropharyngeal pain</li></ul>","Safety and effectiveness established in pediatric patients ≥12
years of age
<ul><li>Supported by evidence from an adequate and well-controlled trial
in adults and pediatric patients ≥12 years of age, with additional
population PK analysis from adults and pediatric patients ≥12 years of
age, which showed no clinically significant differences in PK based on
body weight or age</li>
<li>Results for pediatric patients ≥12 years of age were consistent
with study results for adult patients</li></ul><br/>Safety and effectiveness in pediatric patients &lt;12 years of age
have not been established",Safety and effectiveness not established in pediatric patients,"Safety and effectiveness evaluated in 12 patients 7-11 years of
age in pediatric randomized trial<br/><br/>Additionally, 4 of 24 patients in pediatric/<br/><br/>
adult randomized,<br/><br/>placebo-controlled trial were &lt;18 years of age<br/><br/>Overall, safety and tolerability were similar in pediatric,
adolescent, and adult patients<br/><br/>PK of Cinryze evaluated in patients 7-11 years of age","Safety and effectiveness evaluated in 9 pediatric patients 8 to
&lt;17 years of age in randomized, placebo-controlled<br/><br/>Study 1 and in randomized, OLE active treatment–controlled Study
2<br/><br/>Results for this population were consistent with overall study
results","Safety and effectiveness<br/><br/>established in pediatric patients ≥2 years of age
<ul><li>Use in pediatric patients ≥12 years of age supported by analysis
of 10 patients 12 to &lt;18 years of age in randomized,
placebo-controlled Trial 1, which showed results in pediatric patients
were consistent with overall results; and by an OLE study of 13 patients
12 to &lt;18 years of age</li>
<li>Use in patients 2 to &lt;12 years of age was supported by
extrapolation of efficacy data from Trial 1 for adult and pediatric
patients 12 to &lt;18 years of age, with additional PK analyses showing
similar drug exposures in adults and pediatric patients 2 to &lt;12
years of age, and safety and PD data from an OLE study in pediatric
patients 2 to &lt;12 years of age that enrolled pediatric
patients</li></ul><br/>Safety and effectiveness not established in pediatric patients &lt;2
years of age","Safety and effectiveness established in pediatric patients ≥2
years of age
<ul><li>Use in patients 12 to &lt;18 years supported by data from
well-controlled Trial 1 that included 6 patients 12 to &lt;18 years of
age and showed safety profile and attack rate for pediatric patients
were similar to those for adult patients.</li></ul><br/>Additionally, 10 patients 12 to &lt;18 years of age were in
open-label Trial 2
<ul><li>Use in patients 2 to &lt;12 years of age supported by efficacy
data from Trial 1 in adults and pediatric patients ≥12 years of age; PK
and safety data from 29 patients 2 to &lt;12 years of age in an
open-label study; and population PK analyses</li></ul><br/>Safety and effectiveness not established in pediatric patients &lt;2
years of age","Safety and effectiveness established in pediatric patients ≥12
years of age
<ul><li>Supported by data from 6 pediatric patients ≥12 years of age in
placebo-controlled VANGUARD study</li>
<li>Results for pediatric patients ≥12 years of age were consistent
with those for adults</li></ul><br/>Safety and effectiveness not established in pediatric patients &lt;12
years of age","Safety and effectiveness established in pediatric patients ≥12
years of age
<ul><li>Supported by data from well-controlled OASIS-HAE trial that
included 7 pediatric patients 12-17 years of age who received
Dawnzera</li>
<li>Extrapolated from adults from OASIS-HAE with support from PK
analysis and PD response</li>
<li>No new safety signals identified in pediatric patients ≥12 years
of age who received Dawnzera</li></ul><br/>Safety and effectiveness not established in pediatric patients &lt;12
years of age"
Geriatric Use,"Safety and efficacy in geriatric population not evaluated in
controlled clinical trials<br/><br/>Berinert was evaluated in 27 geriatric patients (range, 65-83 years)
in a Registry Study in the US and Europe<br/><br/>Safety profile observed in this population was similar to that in
younger populations","Insufficient number of patients ≥65 years of age in clinical
trials to determine whether they respond differently from younger
patients<br/><br/>In general, dose selection for elderly patients should be cautious,
usually starting at the low end of the dosing range, reflecting the
greater frequency of decreased hepatic, renal, or cardiac function, and
of concomitant disease or other drug therapy","Insufficient number of patients ≥65 years of age in clinical
trials to determine whether they respond differently from younger
patients, though elderly patients are likely to have increased systemic
exposure to Firazyr compared to younger patients<br/><br/>No dose adjustment recommended since other reported clinical
experience has not identified differences in efficacy and safety between
elderly and younger patients (18-45 years)","Insufficient number of patients &gt;65 years of age in clinical
trials to determine whether they respond differently from younger
patients","Insufficient number of patients ≥65 years of age in clinical trials
to determine whether they respond differently from younger adult
patients","Insufficient number of patients ≥65 years of age in clinical trials
to determine the safety and effectiveness in elderly patients","Insufficient number of patients ≥65 years of age in clinical
trials to determine whether they respond differently from younger
patients<br/><br/>Other clinical experience has not identified differences in response
between elderly and younger patients<br/><br/>Dose selection for elderly patients should be cautious, usually
starting at low end of dosing range","Insufficient number of patients ≥65 years of age in clinical
trials to determine whether they respond differently from younger
patients<br/><br/>Other clinical experience has not identified differences in response
between elderly and younger patients<br/><br/>Dose selection for elderly patients should be cautious, usually
starting at low end of dosing range","Safety and effectiveness evaluated in 5 patients ≥65 years of age
in Trial 1<br/><br/>Results by age consistent with overall study results","Safety and effectiveness evaluated in 9 patients ≥65 years of age
in Trial 1, and in 5 patients in Trial 2<br/><br/>No overall differences in safety or effectiveness observed between
patients ≥65 years of age and younger adult patients","No overall differences in safety and effectiveness observed between
patients ≥65 years of age and younger adult patients","Insufficient number of patients ≥65 years of age in clinical trials
to determine whether they respond differently from younger adult
patients"
Hepatic Impairment,"Dosage adjustment for hepatic impairment not specified in
prescribing information","Dosage adjustment for hepatic impairment not specified in
prescribing information","No dosage adjustment required for patients with hepatic
impairment","Dosage adjustment for hepatic impairment not specified in
prescribing information","Dosage adjustment depends on severity of hepatic impairment:
<ul><li>Mild (Child-Pugh A): no dose adjustment recommended</li>
<li>Moderate (Child-Pugh B): recommended dose is 300 mg; a second dose may be taken ≥3 hours after the first dose if
response is inadequate or symptoms worsen or recur</li>
<li>Severe (Child-Pugh C): avoid use in this population</li></ul>","Hepatic dysfunction, toxicity, and failure have been reported;
patients receiving danazol should be monitored for hepatic<br/><br/>dysfunction<br/><br/>Contraindicated in patients with markedly impaired hepatic
function","Dosage adjustment for hepatic impairment not specified in
prescribing information","Dosage adjustment for hepatic impairment not specified in
prescribing information","Dosage adjustment for hepatic impairment not specified in
prescribing information","Guidance depends on severity of hepatic impairment and patient
age:
<ul><li>Mild (Child-Pugh A) in patients ≥2 years: no dosage adjustment
recommended</li>
<li>Moderate or severe (Child-Pugh B or C) in patients ≥12 years: 110
mg once daily with food recommended</li>
<li>Moderate or severe (Child-Pugh B or C) in patients ≥2 to &lt;12
years: Orladeyo should be avoided</li></ul>","Dosage adjustment for hepatic impairment not specified in
prescribing information","Guidance depends on severity of hepatic impairment, based on
NCI-ODWG Criteria:
<ul><li>Mild (total bilirubin ≤1 × ULN and AST &gt;1 × ULN, or total
bilirubin &gt;1 to 1.5 × ULN and any AST level): no dose adjustment
required</li>
<li>Moderate or severe (total bilirubin &gt;1.5 × ULN regardless of
AST level): Dawnzera not recommended</li></ul>"
Renal Impairment,"Dosage adjustment for renal impairment not specified in prescribing
information","Dosage adjustment for renal impairment not specified in prescribing
information","No dosage adjustment required for patients with renal
impairment","Dosage adjustment for renal impairment not specified in prescribing
information","Dosage adjustment for renal impairment not specified in prescribing
information","May cause some degree of fluid retention, so conditions that
might be influenced by this factor require careful observation<br/><br/>Contraindicated in patients with markedly impaired renal function<br/><br/>Should be used with caution in patients<br/><br/>with diabetes mellitus","Dosage adjustment for renal impairment not specified in prescribing
information","Dosage adjustment for renal impairment not specified in prescribing
information","Dosage adjustment for renal impairment not specified in prescribing
information","Dosage adjustment for renal impairment not specified in prescribing
information","Dosage adjustment for renal impairment not specified in prescribing
information","No dosage adjustment recommended for patients with mild renal
impairment<br/><br/>(eGFR ≥60 to &lt;90 mL/min/1.73 m<sup>2</sup>)<br/><br/>Has not been studied in patients with moderate or severe renal
impairment or ESRD"
Description,"Human plasma-derived, purified, pasteurized, lyophilized concentrate
of C1-INH to be reconstituted for IV administration","Human plasma kallikrein inhibitor for SC injection; produced in
yeast cells by recombinant DNA technology","Synthetic decapeptide with 5 amino acids; competitive antagonist
selective for the bradykinin B2 receptor","Recombinant analogue of human C1-INH for reconstitution for IV
administration; purified from milk of transgenic rabbits","Competitive, reversible inhibitor of plasma kallikrein",Synthetic steroid derived from ethisterone,"Sterile, stable, lyophilized preparation of C1-INH derived from
human plasma","Human, plasma-derived, purified, pasteurized, lyophilized C1-INH
concentrate to be reconstituted","Plasma kallikrein inhibitor; non–plasma-derived, recombinant, fully
human, monoclonal antibody produced in Chinese Hamster Ovary cells",Plasma kallikrein inhibitor,"FXIIa inhibitor; recombinant, fully human, monoclonal antibody
produced in Chinese Hamster Ovary cells","Prekallikrein-directed ASO covalently linked to a ligand containing
3<br/><br/><i>N</i><br/><br/>-acetyl galactosamine residues to facilitate delivery of the
ASO to hepatocytes"
Mechanism of Action,"Replaces the missing or malfunctioning C1-INH protein in
patients","Selective, reversible inhibitor of plasma kallikrein<br/><br/>Binds to plasma kallikrein and blocks its binding site, inhibiting
the conversion of HMWK to bradykinin; by directly inhibiting plasma
kallikrein, reduces the conversion of HMWK to bradykinin and thereby
treats symptoms of an acute HAE attack","Competitive antagonist selective for the bradykinin B2 receptor,
with an affinity similar to bradykinin<br/><br/>Inhibits bradykinin from binding the B2 receptor, thereby treating
the clinical symptoms of an acute HAE attack",Increases plasma levels of functional C1-INH activity,"Competitive, reversible inhibitor of plasma kallikrein that
inhibits the cleavage of HMWK and reduces production of bradykinin,
thereby treating the clinical symptoms of an acute HAE attack<br/><br/>Also inhibits the positive feedback mechanism of the kallikrein-kinin
system by plasma kallikrein, thereby reducing FXIIa and additional
kallikrein generation","Corrects partially or completely the primary biochemical abnormality
of HAE by increasing C1-INH levels, thereby increasing C4 levels",Increases plasma levels of C1-INH protein,Replaces missing or malfunctioning C1-INH protein,"Binds to plasma kallikrein and inhibits its proteolytic activity,
which prevents it from cleaving HMWK to generate excess bradykinin","Binds to plasma kallikrein and inhibits its proteolytic activity,
which prevents it from cleaving HMWK to generate excess bradykinin","Binds to the catalytic domain of FXIIa and inhibits its catalytic
activity, thereby decreasing the activation of<br/><br/>prekallikrein to kallikrein and the generation of bradykinin","Causes ribonuclease H1-mediated<br/><br/>degradation of prekallikrein mRNA through binding to prekallikrein
mRNA, which results in reduced production of prekallikrein and prevents
excessive bradykinin<br/><br/>production"
Pharmacodynamics,PD not discussed in prescribing information,"No exposure-response relationships for Kalbitor to components of
the complement or kallikrein-kinin pathways have been established<br/><br/>aPTT was measured to evaluate potential effect on coagulation; aPTT
prolongation was observed after IV doses ≥20 mg/m<sup>2</sup>. In
healthy participants given 80 mg, aPTT was prolonged ~2-fold over
baseline and returned to normal by 4 hours post-dose<br/><br/>No significant QT prolongation has been seen for patients with HAE
taking Kalbitor","Following bradykinin challenge, IV Firazyr caused dose- and
time-dependent inhibition of development of bradykinin-induced
hypotension, vasodilation, and reflex tachycardia in healthy young
participants. Firazyr 0.4 mg/kg and 0.8 mg/kg IV doses inhibited
response to bradykinin challenge for 6-8 hours<br/><br/>A single 30 mg SC dose is predicted to be effective against
bradykinin challenge for at least 6 hours<br/><br/>Effect of a single 30 mg or 90 mg SC dose on QTc interval in healthy
participants was below the threshold for regulatory concern (10
msec)","Ruconest shows dose-dependent restoration of complement
homeostasis of C4 levels in patients with HAE<br/><br/>One 50 U/kg dose increases plasma C1-INH activity to &gt;0.7 U/mL
(the LLN) in patients with HAE","Sebetralstat concentration-dependent inhibition of plasma
kallikrein observed in exploratory assays<br/><br/>Following one 600 mg dose to healthy participants, &gt;90% mean
inhibition of plasma kallikrein activity occurred, starting 30 minutes
after dosing and maintained for ~6 hours<br/><br/>Following one dose at 2.5 × the MRD in healthy participants, the
largest mean increase in QTc interval was 10.4 msec; this increase was
concentration dependent",PD not described in prescribing information,"In clinical trials, Cinryze increased plasma C1-INH levels within
~1 hour of administration<br/><br/>Activity of Cinryze also demonstrated by increased plasma C4 levels
(mean 8.1 mg/dL at baseline to 8.6 mg/dL 12 hours after infusion)<br/><br/>C4 levels were also increased in children 7-11 years of age treated
with 500 U or 1000 U every 3-4 days for 12 weeks (mean 6.80 mg/dL at
baseline to 7.92 mg/dL for 500 U, and 9.27 mg/dL for 1000 U, 1 hour
after final dose)","Dose-dependent increases in plasma C1-INH levels occur following
Haegarda administration<br/><br/>Subsequent increases in C4 levels (to within normal range) observed
after Haegarda 60 IU/kg administration","Concentration-dependent inhibition of plasma kallikrein
demonstrated following use of Takhzyro at therapeutic doses<br/><br/>in adult and pediatric patients 12 to &lt;18 years of age with
HAE<br/><br/>For pediatric patients 2 to &lt;6 years of age (150 mg Q4W) and 6 to
&lt;12 years (150 mg Q2W), the observed mean percent change from
baseline cleaved HMWK levels was similar to that in adult and pediatric
patients 12 to &lt;18 years (300 mg Q2W or Q4W)<br/><br/>Takhzyro did not prolong the QT/QTc interval","Concentration-dependent inhibition of plasma kallikrein
demonstrated following administration of Orladeyo once daily in patients
with HAE<br/><br/>Clinically significant QTc interval prolongation not observed
following MRD in adults; at 3 × the MRD, mean increase in QTcF was 15.9
msec, and the<br/><br/>increase was concentration dependent","Concentration-dependent inhibition of FXIIa-mediated kallikrein
activity<br/><br/>observed in patients with HAE<br/><br/>Inhibition of kallikrein activity observed after the first
dose","Following 80 mg Q4W or Q8W in adult and pediatric patients ≥12
years of age with HAE:
<ul><li>A decrease in plasma prekallikrein observed at first assessment
(Week 4), with mean percentage reduction of 48% from baseline for both
doses</li>
<li>Mean percentage reductions in trough plasma prekallikrein from
baseline to Week 24 were 73% and 47% following 80 mg Q4W and Q8W,
respectively</li></ul><br/>Clinically significant QTc interval prolongation not observed
following the MRD"
Pharmacokinetics,"Following one 500-1500 IU dose in adults and children with HAE,
mean PK parameters (adjusted vs a baseline attack-free period) were:
<ul><li>Half-life = 18.4 hours</li>
<li>Clearance = 1.44 mL/hr/kg</li>
<li>Volume steady state = 35.4 mL/kg</li>
<li>Mean residence time = 26.4 hours</li></ul><br/>Following a 15 IU/kg dose, AUC = 12.8 hr*IU/mL<br/><br/><b>Specific Populations</b><br/><br/>In 5 pediatric patients 6-13 years of age, the half-life was shorter
and clearance (per kg basis) was faster compared to adults; the clinical
implication of this difference is unknown<br/><br/>Studies have not evaluated PK by gender, race, geriatric age, or the
presence of renal or hepatic impairment","Following one 30 mg dose to healthy participants, mean PK
parameters were:
<ul><li>Cmax = 586 ng/mL ~2-3 hours post-dose</li>
<li>AUC = 3017 ng*hour/mL</li>
<li>Half-life = 2.0 hours</li>
<li>Clearance = 153 mL/min</li>
<li>Volume of distribution = 26.4 L</li></ul><br/><b>Specific Populations</b><br/><br/>Patient body weight, age, and gender were not found to significantly
affect Kalbitor exposure<br/><br/>No PK data are available in patients or participants with hepatic or
renal impairment","PK profile of Firazyr is similar in patients with HAE and healthy
participants<br/><br/>Following one 30 mg dose, mean PK parameters were:
<ul><li>Cmax = 974 ng/mL after ~0.75 hours</li>
<li>Mean AUC = 2165 ng*hr/mL</li>
<li>Half-life = 1.4 hours</li>
<li>Clearance = 245 mL/min</li>
<li>Volume steady state = 29.0 L</li></ul><br/>Icatibant is not degraded by oxidative metabolic pathways, not an
inhibitor of major CYP isoenzymes, and not an inducer of CYP 1A2 and
3A4<br/><br/><b>Specific Populations</b><br/><br/>Following one dose, PK were comparable in healthy participants and
those with hepatic impairment<br/><br/>A renal impairment study was not conducted; renal impairment is not
expected to affect PK<br/><br/>Age and gender effects on PK were observed, but dose adjustment is
not warranted based on age or gender:
<ul><li>Older patients (&gt;65 years) tend to have lower clearance and
higher systemic exposure (AUC and Cmax) than younger patients
(18-45 years)</li>
<li>Clearance is correlated with body weight; thus, female patients
with typically lower body weights compared to male patients have lower
clearance values, resulting in ~2-fold higher systemic exposure (AUC and
Cmax)</li></ul>","Following<br/><br/>Ruconest 50 U/kg in patients with asymptomatic HAE, mean PK
parameters were:
<ul><li>Cmax = 1.2 U/mL</li>
<li>Tmax = 0.31 hours</li>
<li>AUC = 3.3 U*hr/mL</li>
<li>Half-life = 2.4 hours</li>
<li>Clearance = 1207 mL/hour</li>
<li>Volume steady state = 3.0 L</li></ul><br/>Clearance of Ruconest was nonlinear (decreased with increasing dose)
over 25-100 U/kg dose range<br/><br/><b>Specific Populations</b><br/><br/>Studies have not evaluated PK by race, age, or the presence of renal
or hepatic impairment","Following one 600 mg dose in patients with HAE, PK parameters
were:
<ul><li>Geometric mean Cmax = 6080 ng/mL</li>
<li>Mean AUC = 17,600 ng*hr/mL</li></ul><br/>Following a second 600 mg dose 3 hours after the first dose,
Cmax increases 10% and AUC increases 90% when compared to
data following a single dose<br/><br/>No clinically relevant differences in PK observed between healthy
participants and patients with HAE<br/><br/>Following a single 600 mg dose:
<ul><li>Median Tmax = ~1 hour</li>
<li>Mean half-life = 5.3-8.9 hours</li>
<li>Estimated clearance = 30.7 L/hour</li>
<li>Estimated volume of distribution = 70.1 L</li></ul><br/>Sebetralstat is primarily metabolized by CYP3A4 and to a lesser
extent by CYP2C8<br/><br/><b>Specific Populations</b><br/><br/>No clinically relevant differences in PK based on body weight, age,
sex, race, or mild renal impairment (eGFR 60-89 mL/min/1.73
m<sup>2</sup>)<br/><br/>Effect of moderate and severe renal impairment (eGFR &lt;60
mL/min/1.73 m<sup>2</sup>) on PK is unknown","Following one 400 mg dose in healthy male volunteers, PK
parameters were:
<ul><li>Mean Cmax = 69.6 ng/mL</li>
<li>Mean Tmax = 2.47 hours</li>
<li>Mean AUC = 601 ng*hr/mL</li>
<li>Mean half-life = 9.70 hours</li>
<li>Mean clearance = 727 L/hour</li></ul><br/>Exposure (Cmax and AUC) is not dose proportional<br/><br/>Bioavailability, absorption, and exposure are affected by food
intake<br/><br/>Can partition into cell membranes and likely<br/><br/>distributes into deep tissues","Following one 1000 U dose in patients<br/><br/>with nonsymptomatic HAE, mean PK parameters were:
<ul><li>Cmax = 0.68 U/mL</li>
<li>Tmax = 3.9 hours</li>
<li>AUC = 74.5 U*hr/mL</li>
<li>Half-life = 56 hours</li>
<li>Clearance = 0.85 mL/min</li></ul><br/>Exposure (Cmax and AUC) increased from a single to double
dose of Cinryze, though it was not dose proportional<br/><br/><b>Specific Populations</b><br/><br/>In children 7-11 years of age administered 500 U or 1000 U every 3-4
days for 12 weeks, mean C1-INH functional activities were 0.53 U/mL, and
0.81 U/mL, respectively,<br/><br/>vs the baseline value 0.18 U/mL (1 hour after final dose)<br/><br/>After 1000 U dosing, mean exposure (AUC and Cmax) was ~30%
higher in children 7-11 years of age than in adults<br/><br/>Studies have not evaluated PK based on gender, race, geriatric age,
or the presence of renal or hepatic impairment","Following 60 IU/kg twice weekly dosing, PK parameters were:
<ul><li>Mean clearance = 1.03 mL/hour/kg</li>
<li>Geometric mean Cmax = 60.7%</li>
<li>Median Tmax = 59 hours</li>
<li>Median half-life = 69 hours</li></ul><br/>Steady-state PK not dose proportional at 20-80 IU/kg in patients with
HAE<br/><br/><b>Specific Populations</b><br/><br/>PK have not been evaluated by gender, race, or the presence of renal
or hepatic impairment<br/><br/>Population analysis showed age did not significantly affect PK, but
body weight–adjusted clearance was 10%-11% higher in children (8 to
&lt;12 years) and adolescents (12 to &lt;18 years) compared to
adults","PK were approximately<br/><br/>dose-proportional in the therapeutic dose range in patients with
HAE<br/><br/>Time to reach steady state concentration was ~70 days<br/><br/>Following one 300 mg Q2W dose, mean PK parameters were:
<ul><li>Cmax = 34.4 mcg/mL</li>
<li>Tmax = 4.11 days</li>
<li>AUC = 408 mcg*day/mL</li>
<li>Half-life = 15 days</li>
<li>Volume of distribution = 16.6 L</li>
<li>Clearance = 0.809 L/day</li></ul><br/><b>Specific Populations</b><br/><br/>Age, gender, and race did not meaningfully affect PK after correcting
for body weight. Body weight affected clearance, distribution, and
exposure (AUC and Cmax) in lighter patients, but dose
adjustment is not required<br/><br/>Average concentration at steady state differed in pediatric and adult
patients:
<ul><li>~25% higher in patients 12 to &lt;18 years on 300 mg Q2W vs
adults on 300 mg Q2W</li>
<li>~7% higher in patients 6 to &lt;12 years on 150 mg Q2W vs adults
on 300 mg Q2W</li></ul><br/><ul><li>~14% lower in patients 2 to &lt;6 years on 150 mg Q4W vs adults
on 300 mg Q2W</li></ul><br/>Based on population analysis, mild (eGFR 60-89 mL/min/1.73
m<sup>2</sup>) or moderate (30-59 mL/min/1.73 m<sup>2</sup>) renal
impairment had no effect on clearance or volume of distribution","Exposure increases in a greater than dose-proportional manner and
steady state is reached in ~6-12 days
<ul><li>After 150 mg once daily in adults, geometric mean Cmax
= 158 ng/mL; AUC = 2770 ng*hr/mL</li>
<li>After 110 mg once daily, geometric mean Cmax is 97.8
ng/mL; AUC = 1600 ng*hr/mL</li></ul><br/>Median half-life is ~93 hours<br/><br/>PK similar in healthy adults and patients with HAE<br/><br/>Metabolized by CYP2D6 and CYP3A4<br/><br/><b>Specific Populations</b><br/><br/>In adults and pediatric patients 12 to &lt;18 years of age, no
significant differences in PK based on age, sex, race, and body
weight<br/><br/>Based on population analyses, body weight affected systemic exposure.
In patients 2 to &lt;12 years of age at the recommended dosage, median
Cmax is expected to be up to 24% higher compared to adults,
though this difference is not considered clinically significant<br/><br/>Adults with severe renal impairment (CLCR &lt;30 mL/min)
treated with one dose 1.33 × the MRD had no clinically significant
difference in exposure compared with patients with normal renal function
(Cmax increased by 47%, AUC increased by 14%). PK have not
been evaluated in patients with ESRD<br/><br/>PK were compared in adults with normal or impaired hepatic function
following one 150 mg dose:
<ul><li>Mild impairment: PK unchanged</li>
<li>Moderate impairment: Had increased Cmax (by 77%), AUC
(by 78%), and median half-life (by 37%)</li>
<li>Severe impairment: Had increased Cmax (by 27%) and
median half-life (by 22%), and decreased AUC (by 5%)</li></ul>","Following one<br/><br/>
200 mg SC dose to healthy volunteers, mean PK parameters were:
<ul><li>Cmax = 18.4 mcg/mL</li>
<li>AUC = 11470 mcg*hr/mL</li>
<li>Tmax = 6 days</li>
<li>Volume of distribution = 11.8 L</li>
<li>Half-life = 17.4 days</li>
<li>Clearance = 0.02 L/hour</li></ul><br/>PK similar between healthy volunteers and patients with HAE<br/><br/><b>Specific Populations</b><br/><br/>No clinically significant differences in PK observed based on age,
gender, race, body weight, and<br/><br/>mild to moderate renal impairment (eGFR 30 to &lt;90 mL/min/1.73
m<sup>2</sup>)<br/><br/>Effect of severe renal impairment (eGFR &lt;30 mL/min/1.73
m<sup>2</sup>) on PK is unknown","Following multiple doses Q4W and/or Q8W, PK similar between
healthy participants and patients with HAE<br/><br/>In healthy volunteers, AUC increased in a greater than
dose-proportional manner (at 0.25 × MRD to 80 mg Q4W)<br/><br/>Following 80 mg Q4W in patients with HAE, geometric mean PK
parameters were:
<ul><li>Cmax = 417 ng/mL</li>
<li>AUC = 5240 ng*hr/mL</li></ul><br/>Absorbed with median Tmax of ~2 hours post-dose<br/><br/>Half-life is ~1 month in a typical patient with HAE<br/><br/>Expected to distribute primarily to the liver and kidneys<br/><br/>The ASO is expected to be metabolized by nucleases within the liver.
Based on in vitro studies, donidalorsen is not a substrate of CYP
enzymes<br/><br/>The linker that connects the ASO to GalNAc residues undergoes
dephosphorylation and oxidative metabolism to form inactive
metabolites,<br/><br/>which are minimally released in circulation<br/><br/><b>Specific Populations</b><br/><br/>No clinically meaningful differences in PK or PD based on age, body
weight, sex, race, ethnicity, disease status, mild renal impairment
(eGFR ≥60 to &lt;90 mL/min/1.73 m<sup>2</sup>), or mild hepatic
impairment (total bilirubin ≤1 × ULN and AST &gt;1 × ULN, or total
bilirubin &gt;1 to 1.5 × ULN and any AST)<br/><br/>Has not been evaluated in patients with moderate or severe renal
impairment, ESRD, or moderate or severe hepatic impairment"
Key Efficacy Results,"Efficacy of Berinert for treatment of acute abdominal or facial
HAE attacks demonstrated in a placebo-controlled, double-blind,
randomized, parallel-group, dose-finding, 3-arm clinical trial
(N=124)<br/><br/>Berinert was also evaluated in uncontrolled OLE study at 15 centers
in US and Canada, in patients who participated in the randomized
controlled study, to assess those with any type of subsequent HAE attack
(ie, abdominal, facial, peripheral, or laryngeal)<br/><br/><b>Randomized Controlled Trial</b><br/><br/>This trial enrolled adult and pediatric patients with C1-INH
deficiency who experienced an acute moderate to severe attack of
abdominal or facial HAE. Patient age ranged from 6-72 years, 67.7% were
female, and ~90% were White<br/><br/>Patients received a single dose of Berinert 10 IU/kg body weight
(n=39)<sup>a</sup>, Berinert 20 IU/kg (n=43), or placebo (n=42) within 5
hours of an attack. Patients who experienced no or insufficient relief
of symptoms within 4 hours could be administered another dose of
Berinert (20 IU/kg for placebo group, 10 IU/kg for 10 IU/kg group), or
of placebo (for the 20 IU/kg group). If a patient developed
life-threatening laryngeal edema, immediate start of open-label
treatment with a 20 IU/kg body weight dose of Berinert was allowed<br/><br/><i><sup>a</sup>As Berinert 10 IU/kg is not a recommended dose for
treatment of acute HAE attacks, these data are not shown
herein.</i><br/><br/><i>Key endpoint:</i>
<ul><li>Median time to onset of symptom relief: 48 minutes for Berinert
20 IU/kg vs &gt;4 hours for placebo</li></ul><br/><i>Additional endpoints:</i>
<ul><li>Proportion of patients with onset of symptom relief within 60
minutes after administration: 62.8% for Berinert 20 IU/kg vs 26.2% for
placebo</li>
<li>Proportion of patients requiring additional rescue medication:
30.2% for Berinert 20 IU/kg vs 54.8% for placebo</li></ul><br/><b>Open-Label Extension Study</b>
<ul><li>In OLE, 51 patients had 747 abdominal attacks, 21 had 51 facial
attacks, 30 had 235 peripheral attacks, and 16 had 48 laryngeal attacks;
some patients may have experienced attacks in more than one
location</li>
<li>Median time to onset of symptom relief of laryngeal attacks: 0.25
hours (n=48)</li>
<li>Median time to complete symptom resolution of laryngeal attacks:
8.4 hours</li></ul>","Efficacy of Kalbitor for treatment of acute HAE attacks in
adolescents and adults evaluated in 2 randomized, double-blind,
placebo-controlled clinical trials:
<ul><li>EDEMA4 (N=96)</li>
<li>EDEMA3 (N=72)</li></ul><br/>In both trials, patients having an HAE attack, at any anatomic
location, with ≥1 moderate or severe symptom, were randomized to
Kalbitor 30 mg or placebo<br/><br/>Because patients could participate in both trials, a total of 143
unique patients participated, with a mean age of 36 years (range 11-77),
94 were female, and 123 were White. There were 64 patients with
abdominal attacks, 55 with peripheral attacks, and 24 with laryngeal
attacks<br/><br/>In both trials, the effects of Kalbitor were evaluated using MSCS (a
4-point measure of symptom severity, from “normal” to “severe”) and the
TOS (a categorical scale from “significant improvement” to “significant
worsening”) of an acute HAE attack<br/><br/><b>EDEMA4</b><br/><br/><i>Key endpoint:</i>
<ul><li>Mean change from baseline in MSCS score at 4 hours: −0.8 for
Kalbitor (n=47) vs −0.4 for placebo (n=42)</li></ul><br/><i>Additional endpoints:</i>
<ul><li>Mean TOS at 4 hours: 53 for Kalbitor (n=47) vs 8 for placebo
(n=42)</li>
<li>Mean change from baseline in MSCS score at 24 hours: −1.5 for
Kalbitor vs −1.1 for placebo</li>
<li>Mean TOS at 24 hours: 89 for Kalbitor vs 55 for placebo</li>
<li>Proportion of patients requiring medical intervention to treat
unresolved symptoms within 24 hours: 33% for Kalbitor vs 50% for
placebo</li></ul><br/><b>EDEMA3</b><br/><br/><i>Key endpoint:</i>
<ul><li>Mean TOS at 4 hours: 63 for Kalbitor (n=34) vs 36 for placebo
(n=35)</li></ul><br/><i>Additional endpoints:</i>
<ul><li>Mean change from baseline in MSCS score at 4 hours: −1.1 for
Kalbitor vs −0.6 for placebo</li>
<li>Proportion of patients requiring medical intervention to treat
unresolved symptoms within 24 hours: 14% for Kalbitor vs 36% for
placebo</li></ul>","Efficacy of Firazyr for treatment of acute HAE attacks in 223
adults evaluated in 3 controlled clinical trials:
<ul><li>Trial 1, a randomized, placebo-controlled, double-blind,
parallel-group trial</li>
<li>Second placebo-controlled trial</li>
<li>Active-controlled trial</li></ul><br/>Among the patients in these studies, mean age was 38 years, 64% were
female, and 95% were White<br/><br/>In Trial 1 (N=98), patients with moderate to severe cutaneous or
abdominal attacks or mild to moderate laryngeal attacks were randomized
to Firazyr 30 mg or placebo. Patients with severe laryngeal attacks of
HAE received open-label Firazyr 30 mg.<br/><br/>In the second placebo-controlled and an active-controlled trial, a
total of 26 and 35 patients, respectively, received Firazyr 30 mg for an
attack<br/><br/>Response to therapy was primarily assessed using VAS (100 mm scale,
with higher scores indicating more severity) and patient- and
physician-reported symptom scores for abdominal and<br/><br/>cutaneous pain and swelling<br/><br/><b>Trial 1</b><br/><br/><i>Key endpoint:</i>
<ul><li>Assessed using 3-item composite VAS (averaged assessments of skin
swelling, skin pain, and abdominal pain); response defined as ≥50%
reduction from pretreatment 3-item VAS score</li>
<li>Median time to 50% reduction in symptoms of cutaneous or
abdominal attacks: 2.0 hours for Firazyr (n=43) vs 19.8 hours for
placebo (n=45)</li></ul><br/><i>Additional endpoints:</i>
<ul><li>Median time to almost complete symptom relief (VAS &lt;10
mm):<br/><br/>
8.0 hours for Firazyr vs 36.0 hours for placebo</li>
<li>Proportion requiring additional rescue medication: 7% for Firazyr
vs 40% for placebo</li></ul><br/><b>Pooled Trial Data</b><br/><br/>Across 3 controlled trials, Firazyr-treated patients (N=223) had
median time to 50% reduction from baseline symptoms ranging from 2.0 to
2.3 hours.<br/><br/><i>Recurrent attacks:</i>
<ul><li>In all 3 trials, patients’ subsequent attacks could be treated in
OLE, in which 225 patients were treated with 1076 doses of 30 mg Firazyr
for 987 attacks</li>
<li>In an analysis of the first 5 attacks treated with Firazyr (621
doses for 582 attacks), median times to 50% symptom reduction were
similar across attacks (2.0, 2.0, 2.4, 2.0, 1.5 hours)</li>
<li>93% of attacks were treated with a single dose of
Firazyr</li></ul><br/><i>Laryngeal attacks</i>
<ul><li>60 patients with laryngeal attacks were treated with Firazyr in
controlled trials</li>
<li>Efficacy results similar to those for nonlaryngeal sites of
attack</li></ul><br/><b>Open-Label Self-Administration Study</b>
<ul><li>Self-administration of Firazyr was assessed in an open-label
trial (N=56)</li>
<li>Patients who administered Firazyr during an acute HAE attack had
a median time to 50% reduction from the pretreatment composite 3-item
VAS score of 2.6 hours</li></ul>","Efficacy of Ruconest for treatment of acute HAE attacks
established in Study 1, a double-blind, randomized, placebo-controlled
trial, which included an OLE phase; and supported by results of 2
additional randomized, placebo-controlled trials and 2 additional OLE
studies<br/><br/><b>Study 1</b><br/><br/>75 adult and adolescent patients with HAE were randomized to Ruconest
50 U/kg (n=44) or placebo (n=31). Rescue treatment with Ruconest was
available for patients who did not experience onset of relief at 4 hours
after study drug administration, or earlier for patients with
life-threatening oropharyngeal-laryngeal symptoms. Patients ranged from
17-69 years of age, 63% were female, and 96% were White<br/><br/><i>Key endpoint:</i>
<ul><li>Median time to onset of symptom relief, assessed using
patient-reported responses to 2 questions from a TEQ (assessed the
severity of symptoms at each affected anatomic location, using a 7-point
scale [“much worse” to “much better”], and whether symptoms had begun to
decrease notably since receiving the study medication [“yes” or “no”]);
to achieve the primary endpoint, a patient had to have a positive
response to both questions along with persistence of improvement at the
next assessment time</li>
<li>Median time to onset of symptom relief: 90 minutes for Ruconest
50 U/kg vs 152 minutes for placebo</li></ul><br/><i>Additional endpoints:</i>
<ul><li>Among patients achieving symptom relief within 4 hours, 3% in
Ruconest group vs 27% in placebo group had a relapse in symptoms within
24 hours</li>
<li>Proportion of patients requiring rescue treatment: 11% for
Ruconest 50 U/kg vs 42% for placebo</li></ul><br/><b>Study 1 Open-Label Extension Study</b>
<ul><li>44 patients who completed the controlled trial were enrolled into
OLE and treated with Ruconest 50 U/kg for total of 170 attacks</li>
<li>Median time to onset of symptom relief: 75 minutes</li>
<li>3% of attacks received a second Ruconest dose</li></ul><br/><b>Study 2 and Study 3</b>
<ul><li>In Study 2 (North American randomized, placebo- controlled
trial), patients received one dose of Ruconest 50 U/kg (n=12), Ruconest
100 U/kg (n=13), or placebo (n=13); patients ranged from 17-66 years of
age, 74% were female, and 92% were White</li>
<li>In Study 3 (European randomized, placebo- controlled trial),
patients received one dose of Ruconest 100 U/kg (n=16) or placebo
(n=16); patients ranged from 17- 71 years of age, 53% were female, and
100% were White</li>
<li>In both studies, Ruconest had significantly shorter times to
beginning of symptom relief based on VAS</li></ul><br/><b>Study 2 and Study 3 Open-Label Extension Study</b>
<ul><li>119 patients were treated with Ruconest for 362 acute
attacks</li>
<li>Efficacy was maintained for repeat attacks</li></ul>","Efficacy of Ekterly for treatment of acute HAE attacks in adults
and pediatric patients ≥12 years of age evaluated in a double-blind,
randomized, placebo-controlled, crossover clinical trial (KONFIDENT)<br/><br/>Patients received Ekterly 600 mg, Ekterly 300 mg<sup>b</sup>, or
placebo. If determined by the patient, a second dose could be
administered after 3 hours. Patients were required to treat an eligible
attack prior to crossover to the next treatment period. Severe laryngeal
attacks were not treated in KONFIDENT<br/><br/><i><sup>b</sup>As Ekterly 300 mg is not a recommended dose for
treatment of acute HAE attacks, these data are not shown
herein.</i><br/><br/>Among 110 patients who experienced ≥1 HAE attack treated with
Ekterly, mean age was 38 years, 60% were female, and 84% were White<br/><br/>Of the 264 treated HAE attacks, 54% had peripheral symptoms only, 32%
had abdominal symptoms only, 10% had abdominal and peripheral symptoms,
3% had mild to moderate laryngeal symptoms, and 1% had missing attack
location<br/><br/><i>Key endpoint:</i>
<ul><li>Primary endpoint was the time to beginning of symptom relief,
defined as at least “a little better” at 2 consecutive time points
within 12 hours of first dose administration, assessed using PGI-C
(7-point scale, ranging from “much worse” to “much better”)</li>
<li>Median time to onset of symptom relief within 12 hours of first
dose: 2.0 hours for Ekterly 600 mg vs “could not be estimated” for
placebo (because &lt;50% of group achieved this endpoint)</li>
<li>76% of Ekterly 600 mg group vs 49% of placebo group achieved
primary endpoint</li></ul><br/><i>Additional endpoints:</i>
<ul><li>Time to first incidence of reduction in severity at 2 consecutive
time points within 12 hours of first dose, assessed using PGI-S (5-point
scale from “none” to “severe”): 9.1 hours for Ekterly 600 mg vs “could
not be estimated” for placebo (because &lt;50% of group achieved this
endpoint)</li>
<li>Time to attack resolution, defined as PGI-S of “none” within 24
hours of first dose was significantly faster for Ekterly 600 mg vs
placebo (though median times “could not be estimated” for either group
because &lt;50% of patients in each group achieved this
endpoint)</li>
<li>Median time to onset of at least “better” at 2 consecutive time
points on the PGI-C within 12 hours of the first dose: 4.6 hours for
Ekterly 600 mg</li></ul>","Efficacy of danazol established in HAE clinical trials not provided
in prescribing information","Efficacy of Cinryze demonstrated in:
<ul><li>Randomized, double-blind, placebo-controlled, crossover trial of 24
adult or adolescent patients 9-73 years of age with HAE and history of
≥2 attacks per month</li>
<li>Randomized, dose-ranging crossover trial of 12 pediatric patients
7-11 years of age</li></ul><br/><b>Adult/Adolescent Trial</b><br/><br/>Patients received Cinryze or placebo every 3 or 4 days, ~2 times per
week. In this trial, patients received Cinryze for 12 weeks followed by
placebo for 12 weeks; or placebo for 12 weeks followed by Cinryze for 12
weeks. A total of 22 patients were included in efficacy analysis<br/><br/><i>Key endpoint:</i>
<ul><li>Mean number of attacks: 6.1 for Cinryze vs 12.7 for
placebo</li></ul><br/><i>Additional endpoints:</i>
<ul><li>Mean severity of attacks (on 3-point scale from “mild” to
“severe”): 1.3 for Cinryze vs 1.9 for placebo</li>
<li>Mean attack duration: 2.1 days for Cinryze vs 3.4 days for
placebo</li>
<li>Days of swelling: 10.1 days for Cinryze vs 29.6 days for
placebo</li></ul><br/><b>Pediatric Trial</b><br/><br/>After an observation period, pediatric patients received Cinryze 500
IU or 1000 IU every 3-4 days for 12 weeks.<br/><br/><i>Key endpoint:</i>
<ul><li>Mean number of attacks per month: 1.2 for Cinryze 500 IU and 0.7
for Cinryze 1000 IU vs 3.7 for placebo during observation</li></ul><br/><i>Additional endpoints:</i>
<ul><li>Mean absolute reduction in number of attacks vs baseline: −2.6
for Cinryze 500 IU and −3.0 for Cinryze 1000 IU (71.1% and 84.5% mean
reductions vs baseline, respectively)</li></ul>","Efficacy of Haegarda demonstrated in:
<ul><li>Randomized, double-blind, placebo-controlled,</li></ul><br/>crossover trial of 90 adult and adolescent patients with symptomatic
HAE-C1INH-Type1 or -Type2 (Study 1)
<ul><li>Randomized, open-label, active treatment–controlled trial of 120
adult and pediatric patients with symptomatic HAE-C1INH-Type1 or -Type2
(Study 2)</li></ul><br/><b>Study 1</b><br/><br/>Median age was 40 years (range, 12-72) and 60 patients were
female<br/><br/>Patients received Haegarda 60 IU/kg (n=45) or 40 IU/kg<sup>c</sup>
(n=45) in one 16-week treatment period and then placebo in the other
16-week treatment period. Patients self-administered Haegarda or placebo
2 times per week. Efficacy was evaluated for the last 14 weeks of each
period<br/><br/><i><sup>c</sup>As Haegarda 40 IU/kg is not a recommended dose for
routine prophylaxis to prevent HAE attacks, these data are not shown
herein.</i><br/><br/><i>Key endpoint:</i>
<ul><li>Median number of attacks per month: 0.3 for Haegarda 60 IU/kg vs
3.8 for placebo, for median percentage reduction relative to placebo of
95%</li></ul><br/><i>Additional endpoints:</i>
<ul><li>Proportion of patients attack-free through study: 40% on Haegarda
60 IU/kg</li>
<li>Mean number of rescue medication uses per month: 0.3 for Haegarda
60 IU/kg vs 3.9 for placebo</li></ul><br/><b>Study 2</b><br/><br/>Eligible patients from Study 1 could enroll in Study 2 for up to 140
weeks. 49.2% of patients in Study 2 were in Study 1<br/><br/>Median patient age was 41.0 years. Patients with monthly attack rate
of 4.3 in the 3 months before study entry were enrolled and treated for
mean of 1.4 years (maximum &gt;2.5 years)<br/><br/><i>Endpoints</i>:<br/><br/>For patients treated with Haegarda 60 IU/kg:
<ul><li>Proportion of patients with &lt;1 attack monthly: 86.9%</li>
<li>Median annualized attack rate: 1.0</li>
<li>Median annualized rescue medication use: 0.0 times</li>
<li>Proportion of patients attack-free on study: 44.3%</li></ul>","Efficacy of Takhzyro demonstrated in a randomized, double-blind,
placebo-controlled, parallel-group trial of 125 adult and pediatric
patients ≥12 years of age with HAE-C1INH-Type1 or -Type2 and ≥1 attack
per 4 weeks during the run-in period (Trial 1)<br/><br/>Patients who completed Trial 1 were eligible to rollover into an
uncontrolled OLE study (Trial 2)<br/><br/><b>Trial 1</b><br/><br/>Patients received<br/><br/>lanadelumab-flyo 150 mg Q4W (n=28), 300 mg Q4W (n=29), 300 mg Q2W
(n=27), or placebo (n=41) for 26 weeks. Patients ≥18 years of age were
required to discontinue other HAE prophylaxis; all patients could use
rescue medications to treat breakthrough attacks<br/><br/><i>Key endpoint:</i>
<ul><li>Monthly attack rate from Day 0 to Day 182 (least squares mean
reduction in number of attacks per month relative to placebo): 76% for
150 mg Q4W, 73% for 300 mg Q4W, and 87% for 300 mg Q2W</li></ul><br/><i>Additional endpoints:</i>
<ul><li>Proportion of patients attack-free for 26-week treatment period:
44%, 31%, and 39% in 300 mg Q2W, 300 mg Q4W, and 150 mg Q4W groups
respectively, vs 2% of placebo patients</li></ul><br/><b>Trial 2</b><br/><br/>All rollover patients<br/><br/>received a single dose of Takhzyro 300 mg and were followed until the
first HAE attack occurred<br/><br/>At Week 4 post-dose, ~80% of patients who had been in 300 mg Q2W
group (n=25) in Trial 1 remained attack-free","Efficacy of Orladeyo demonstrated in Part 1 of a randomized,
double-blind, placebo-controlled, parallel-group trial of 120 adult and
adolescent patients ≥12 years of age with HAE-C1INH-Type1 or -Type2 and
≥2 attacks in 8-week run-in period (Trial 1)<br/><br/><b>Trial 1</b><br/><br/>Patients received berotralstat 110 mg (n=41), berotralstat 150 mg
(n=40), or placebo (n=40; 1 patient randomized but not treated) once
daily, with food for the 24-week treatment period (Part 1). Patients
were required to discontinue other HAE prophylaxis but could use rescue
medications to treat breakthrough attacks<br/><br/><i>Key endpoint:</i>
<ul><li>Monthly attack rate over 24 weeks: 1.31 for Orladeyo 150 mg and
1.65 for Orladeyo 100 mg (44.2% and 30% rate reductions relative to
placebo, respectively)</li></ul><br/><i>Additional endpoints:</i>
<ul><li>Proportion of patients with ≥50% relative reduction in attacks
compared with baseline: 58% for 150 mg and 51% for 110 mg vs 25% for
placebo</li>
<li>Proportion of patients with ≥90% reduction in attacks compared
with baseline: 23% for 150 mg and 10% for 110 mg vs 8% for
placebo</li>
<li>Rate of moderate/severe attacks reduced by 40% and 10% in 150 mg
and 110 mg groups, respectively, vs placebo</li></ul>","Efficacy of Andembry demonstrated in 6-month, randomized,
double-blind, placebo-controlled, parallel-group trial of 64 adult and
pediatric patients ≥12 years of age with HAE-C1INH-Type1 or -Type2 and
≥2 HAE attacks in 2-month period prior to study (VANGUARD)<br/><br/><b>VANGUARD</b><br/><br/>Mean age was 41 years, 59% were female, and 86% were White<br/><br/>Patients received Andembry (400 mg loading dose, then 200 mg once a
month) or placebo. Patients were required to discontinue other HAE
prophylaxis, but could use rescue medication to treat breakthrough
attacks<br/><br/><i>Key endpoint:</i>
<ul><li>Monthly attack rate at 6 months (least squares mean reduction in
number of attacks per month): 0.22 vs 2.07 (89% reduction relative to
placebo)</li></ul><br/><i>Additional endpoints:</i>
<ul><li>Monthly rate of attacks requiring rescue medication: 91.2%
reduction with Andembry relative to placebo</li>
<li>Monthly rate of moderate or severe attacks: 93.6% reduction with
Andembry relative to placebo</li></ul><br/><ul><li>Proportion of patients attack-free through 6-month treatment
period compared to 2-month period prior to treatment: 62% on Andembry vs
0% on placebo</li></ul>","Efficacy of Dawnzera demonstrated<br/><br/>in a 24-week, randomized, double-blind, placebo-controlled trial of
90 adult and pediatric patients ≥12 years of age with HAE-C1INH-Type1 or
-Type2, who had ≥2 attacks during 8-week run-in period (OASIS-HAE)<br/><br/><b>OASIS-HAE</b><br/><br/>Among 90 patients, mean age was 37 years, 53% were female, and 91%
were White<br/><br/>Patients received Dawnzera 80 mg Q4W (n=45), Dawnzera 80 mg Q8W
(n=23), or placebo (n=22). Patients were required to discontinue<br/><br/>other HAE prophylaxis (except androgens and tranexamic acid) but
could use rescue medications to treat breakthrough attacks<br/><br/><i>Key endpoint:</i>
<ul><li>Monthly attack rate from Week 0 to Week 24: 0.44 for Dawnzera Q4W
and 1.02 for Dawnzera Q8W vs 2.26 for placebo (81% and 55% reductions vs
placebo, respectively)</li></ul><br/><i>Additional endpoints:</i>
<ul><li>Moderate or severe</li></ul><br/>attack rate from Week 4 to Week 24: 0.12 for Dawnzera Q4W and 0.68
for Dawnzera Q8W vs 1.15 for placebo (89% and 41% reductions vs placebo,
respectively)
<ul><li>Attacks requiring acute therapy: 0.15 for Dawnzera Q4W and 0.59
for Dawnzera Q8W vs 1.80 for placebo (92% and 67% reductions vs placebo,
respectively)</li>
<li>Proportion of patients attack-free Week 4 to Week 24: 53% for
Dawnzera Q4W, 35% for Dawnzera Q8W, and 9% for placebo</li></ul>"
How Supplied & Storage and Handling,"<b>How Supplied</b>
<ul><li>Single-dose vial together with an administration kit</li>
<li>500 IU vial of Berinert for reconstitution with 10 mL of Sterile
Water for Injection, USP</li>
<li>Components used in packaging are not made with natural rubber
latex</li></ul><br/><b>Storage and Handling</b>
<ul><li>When stored at 36-86 °F<br/><br/>
(2-30 °C), Berinert is stable for period indicated by expiration date on
carton and vial label</li>
<li>Store in carton until use</li>
<li>Do not freeze</li>
<li>Protect from light</li></ul>","<b>How Supplied</b>
<ul><li>Available in carton of 3 single-dose vials, each containing 10 mg
ecallantide</li></ul><br/><b>Storage and Handling</b>
<ul><li>Store refrigerated at<br/><br/>
36-46 ºF (2-8 ºC)</li>
<li>Vials removed from refrigeration should be stored at &lt;86 ºF
(&lt;30 ºC) and used within 14 days or returned to refrigeration until
use</li>
<li>Protect from light</li></ul>","<b>How Supplied</b>
<ul><li>Single-dose, prefilled syringe (30 mg/3 mL solution)</li>
<li>Available in carton of one prefilled syringe and one 25 G Luer lock
needle; or in pack containing 3 cartons, each containing one prefilled
syringe and one 25 G Luer lock needle</li></ul><br/><b>Storage and Handling</b>
<ul><li>Store at 36-77 °F (2-25 °C)</li>
<li>Do not freeze</li>
<li>Store in carton until use</li></ul>","<b>How Supplied</b>
<ul><li>Single-use 25 mL vials with a stopper and flip-off seal</li>
<li>Available in carton of one single-use vial, with 2100 U lyophilized
powder for reconstitution for injection</li>
<li>Each vial should be reconstituted with 14 mL Water for Injection (not
supplied)</li></ul><br/><b>Storage and Handling</b>
<ul><li>Store in carton to protect from light</li>
<li>When stored at 36-77°F<br/><br/>
(2-25°C), shelf life is 48 months</li>
<li>Do not freeze</li>
<li>Any product that has been reconstituted should be used immediately,
or within 8 hours stored at 36-46 °F (2-8 °C)</li></ul>","<b>How Supplied</b>
<ul><li>300 mg tablets</li>
<li>Available in carton of 4 child-resistant blister cards, each
containing one 300 mg tablet</li></ul><br/><b>Storage and Handling</b>
<ul><li>Store at 68-77 °F (20-25°C)</li>
<li>Excursions permitted between 15-30 °F (59-86 °C)</li></ul>","<b>How Supplied</b>
<ul><li>50 mg, 100 mg, and 200 mg capsules<sup>6</sup></li></ul><br/><b>Storage and Handling</b>
<ul><li>Store at controlled room temperature 68-77 °F (20-25 °C)</li></ul>","<b>How Supplied</b>
<ul><li>500 IU lyophilized powder in single-dose vial in carton packaged with
5 mL of Sterile Water for Injection, USP</li></ul><br/><b>Storage and Handling</b>
<ul><li>Store at 36-77 °F<br/><br/>
(2-25 °C)</li>
<li>Do not freeze</li>
<li>Store in carton to protect from light</li></ul>","<b>How Supplied</b>
<ul><li>2000 IU or 3000 IU lyophilized powder in single-dose vial in kit
containing 4 mL or 5.6 mL Sterile Water for Injection, USP and one
Mix2Vial filter transfer set</li>
<li>Not made with natural rubber</li></ul><br/><b>Storage and Handling</b>
<ul><li>When stored up to 86 °F (30 °C), product is stable up to date on
carton and vial</li>
<li>Store in original carton to protect from light</li>
<li>Do not freeze</li>
<li>Protect from light</li></ul>","<b>How Supplied</b>
<ul><li>Ready-to-use solution in a single-dose vial (300 mg/2 mL) or
prefilled syringe (150 mg/mL or 300 mg/2 mL)</li></ul><br/><b>Storage and Handling</b>
<ul><li>Store refrigerated at 36-46 °F (2-8 °C)</li>
<li>Store in carton to protect from light</li>
<li>Do not freeze</li>
<li>Do not shake</li>
<li>Protect from light</li></ul>","<b>How Supplied</b>
<ul><li>110 mg or 150 mg capsules in carton of 28-day supply</li>
<li>72 mg, 96 mg, 108 mg, or 132 mg pellets in carton of 28-day
supply</li></ul><br/><b>Storage and Handling</b>
<ul><li>Store at 68-77 °F (20-25 °C)</li>
<li>Excursions permitted to<br/><br/>
59-86 °F (15-30 °C)</li></ul>","<b>How Supplied</b>
<ul><li>200 mg/1.2 mL, ready-to-use solution in a single-dose prefilled
autoinjector or prefilled syringe with needle safety device</li></ul><br/><b>Storage and Handling</b>
<ul><li>Store refrigerated at 36-46 °F (2-8 °C)</li>
<li>Store in carton to protect from light</li>
<li>Do not freeze</li>
<li>Do not shake</li></ul>","<b>How supplied</b>
<ul><li>80 mg/0.8 mL solution in single-dose autoinjector</li></ul><br/><b>Storage and Handling</b>
<ul><li>Store refrigerated at 36-46 °F (2-8 °C)</li>
<li>Excursion permitted to room temperature up to 86 °F (30 °C) in the
carton for up to 6 weeks; if not used within 6 weeks, discard the
product</li>
<li>Do not freeze</li>
<li>Do not expose to heat</li>
<li>Protect from direct light</li></ul>"
